Frau Abdi,sanae.abdi@bundestag.de
Herr Abel,valentin.abel@bundestag.de
Herr Abraham,knut.abraham@bundestag.de
Frau Adler,katja.adler@bundestag.de
Frau Aeffner,stephanie.aeffner@bundestag.de
Herr Ahmetovic,adis.ahmetovic@bundestag.de
Frau Akbulut,goekay.akbulut@bundestag.de
Frau Alabali-Radovan,reem.alabali-radovan@bundestag.de
Herr Albani,stephan.albani@bundestag.de
Herr Al-Dailami,ali.al-dailami@bundestag.de
Herr Al-Halak,muhanad.al-halak@bundestag.de
Frau Alt,renata.alt@bundestag.de
Herr Altenkamp,norbert.altenkamp@bundestag.de
Herr Altmaier,peter.altmaier@bundestag.de
Herr Amthor,philipp.amthor@bundestag.de
Frau Amtsberg,luise.amtsberg@bundestag.de
Frau Andres,dagmar.andres@bundestag.de
Herr Annen,niels.annen@bundestag.de
Herr Arlt,johannes.arlt@bundestag.de
Frau Aschenberg-Dugnus,christine.aschenberg-dugnus@bundestag.de
Herr Audretsch,andreas.audretsch@bundestag.de
Herr Auernhammer,artur.auernhammer@bundestag.de
Herr Aumer,peter.aumer@bundestag.de
Herr Außendorf,maik.aussendorf@bundestag.de
Herr Bacherle,tobias.bacherle@bundestag.de
Frau Bachmann,carolin.bachmann@bundestag.de
Frau Badum,lisa.badum@bundestag.de
Frau Baehrens,heike.baehrens@bundestag.de
Frau Baerbock,annalena.baerbock@bundestag.de
Frau Bahr,ulrike.bahr@bundestag.de
Herr Baldy,daniel.baldy@bundestag.de
Herr Banaszak,felix.banaszak@bundestag.de
Frau Bär,dorothee.baer@bundestag.de
Herr Bär,karl.baer@bundestag.de
Frau Baradari,nezahat.baradari@bundestag.de
Herr Bareiß,thomas.bareiss@bundestag.de
Herr Bartol,soeren.bartol@bundestag.de
Herr Dr. Bartsch,dietmar.bartsch@bundestag.de
Frau Bas,baerbel.bas@bundestag.de
Frau Bauer,nicole.bauer@bundestag.de
Frau Dr. Baum,christina.baum@bundestag.de
Herr Dr. Baumann,bernd.baumann@bundestag.de
Frau Bayram,canan.bayram@bundestag.de
Frau Beck,katharina.beck@bundestag.de
Herr Beckamp,roger.beckamp@bundestag.de
Herr Dr. Becker,holger.becker@bundestag.de
Herr Beeck,jens.beeck@bundestag.de
Herr Benner,lukas.benner@bundestag.de
Herr Berghahn,juergen.berghahn@bundestag.de
Herr Dr. Berghegger,andre.berghegger@bundestag.de
Herr Bergt,bengt.bergt@bundestag.de
Herr Bernhard,marc.bernhard@bundestag.de
Herr Beyer,peter.beyer@bundestag.de
Herr Biadacz,marc.biadacz@bundestag.de
Herr Bilger,steffen.bilger@bundestag.de
Herr Birkwald,matthias-w.birkwald@bundestag.de
Herr Blankenburg,jakob.blankenburg@bundestag.de
Herr Bleck,andreas.bleck@bundestag.de
Herr Bochmann,rene.bochmann@bundestag.de
Herr Bodtke,ingo.bodtke@bundestag.de
Herr Boehringer,peter.boehringer@bundestag.de
Herr Boginski,friedhelm.boginski@bundestag.de
Herr Bollmann,gereon.bollmann@bundestag.de
Frau Borchardt,simone.borchardt@bundestag.de
Herr Brand,michael.brand@bundestag.de
Herr Dr. Brandenburg,jens.brandenburg@bundestag.de
Herr Brandenburg,mario.brandenburg@bundestag.de
Herr Brandes,dirk.brandes@bundestag.de
Herr Dr. Brandl,reinhard.brandl@bundestag.de
Herr Brandner,stephan.brandner@bundestag.de
Frau Dr. Brantner,franziska.brantner@bundestag.de
Herr Prof. Dr. Braun,helge.braun@bundestag.de
Herr Braun,juergen.braun@bundestag.de
Frau Breher,silvia.breher@bundestag.de
Herr Brehm,sebastian.brehm@bundestag.de
Frau Brehmer,heike.brehmer@bundestag.de
Herr Breilmann,michael.breilmann@bundestag.de
Frau Breymaier,leni.breymaier@bundestag.de
Herr Brinkhaus,ralph.brinkhaus@bundestag.de
Herr Dr. Brodesser,carsten.brodesser@bundestag.de
Herr Dr. Bröhr,marlon.broehr@bundestag.de
Frau Brugger,agnieszka.brugger@bundestag.de
Herr Bsirske,frank.bsirske@bundestag.de
Frau Bubendorfer-Licht,sandra.bubendorfer-licht@bundestag.de
Frau Budde,katrin.budde@bundestag.de
Herr Bühl,marcus.buehl@bundestag.de
Herr Bury,yannick.bury@bundestag.de
Herr Dr. Buschmann,marco.buschmann@bundestag.de
Herr Busen,karlheinz.busen@bundestag.de
Herr Bystron,petr.bystron@bundestag.de
Frau Cademartori Dujisin,isabel.cademartori@bundestag.de
Herr Prof. Dr. Castellucci,lars.castellucci@bundestag.de
Frau Dr. Christmann,anna.christmann@bundestag.de
Herr Chrupalla,tino.chrupalla@bundestag.de
Frau Connemann,gitta.connemann@bundestag.de
Herr Coße,juergen.cosse@bundestag.de
Frau Cotar,joana.cotar@bundestag.de
Herr Cronenberg,carl-julius.cronenberg@bundestag.de
Herr Dr. Curio,gottfried.curio@bundestag.de
Herr Czaja,mario.czaja@bundestag.de
Frau Dağdelen,sevim.dagdelen@bundestag.de
Herr Dr. Dahmen,janosch.dahmen@bundestag.de
Herr Daldrup,Bernhard.Daldrup@bundestag.de
Frau Damerow,astrid.damerow@bundestag.de
Frau Deligöz,ekin.deligoez@bundestag.de
Herr Demir,hakan.demir@bundestag.de
Frau Dr. Detzer,sandra.detzer@bundestag.de
Herr Dr. Diaby,karamba.diaby@bundestag.de
Herr Diedenhofen,martin.diedenhofen@bundestag.de
Herr Dieren,jan.dieren@bundestag.de
Herr Dietz,thomas.dietz@bundestag.de
Frau Dilcher,esther.dilcher@bundestag.de
Frau Dittmar,sabine.dittmar@bundestag.de
Herr Djir-Sarai,bijan.djir-sarai@bundestag.de
Herr Dobrindt,alexander.dobrindt@bundestag.de
Frau Domscheit-Berg,anke.domscheit-berg@bundestag.de
Herr Donth,michael.donth@bundestag.de
Herr Döring,felix.doering@bundestag.de
Frau Dröge,katharina.droege@bundestag.de
Herr Droßmann,falko.drossmann@bundestag.de
Frau Düring,deborah.duering@bundestag.de
Herr Dürr,christian.duerr@bundestag.de
Herr Durz,hansjoerg.durz@bundestag.de
Herr Ebner,harald.ebner@bundestag.de
Herr Echeverria,axel.echeverria@bundestag.de
Herr Eckert,leon.eckert@bundestag.de
Herr Edelhäußer,ralph.edelhaeusser@bundestag.de
Herr Ehrhorn,thomas.ehrhorn@bundestag.de
Frau Eichwede,sonja.eichwede@bundestag.de
Herr Emmerich,marcel.emmerich@bundestag.de
Herr Engelhard,alexander.engelhard@bundestag.de
Frau Engelhardt,heike.engelhardt@bundestag.de
Frau Englhardt-Kopf,martina.englhardt-kopf@bundestag.de
Herr Erndl,thomas.erndl@bundestag.de
Herr Ernst,klaus.ernst@bundestag.de
Frau Dr. Esdar,wiebke.esdar@bundestag.de
Frau Esken,saskia.esken@bundestag.de
Herr Dr. Espendiller,michael.espendiller@bundestag.de
Herr Dr. Faber,marcus.faber@bundestag.de
Frau Fahimi,yasmin.fahimi@bundestag.de
Herr Färber,hermann.faerber@bundestag.de
Herr Farle,robert.farle@bundestag.de
Frau Fäscher,ariane.faescher@bundestag.de
Herr Dr. Fechner,johannes.fechner@bundestag.de
Herr Feiler,uwe.feiler@bundestag.de
Herr Felser,peter.felser@bundestag.de
Herr Ferlemann,enak.ferlemann@bundestag.de
Frau Ferschl,susanne.ferschl@bundestag.de
Frau Fester,emilia.fester@bundestag.de
Herr Fiedler,sebastian.fiedler@bundestag.de
Herr Föst,daniel.foest@bundestag.de
Herr Dr. Franke,edgar.franke@bundestag.de
Herr Frei,thorsten.frei@bundestag.de
Herr Fricke,otto.fricke@bundestag.de
Herr Friedhoff,dietmar.friedhoff@bundestag.de
Herr Dr. Friedrich,hans-peter.friedrich@bundestag.de
Herr Frieser,michael.frieser@bundestag.de
Herr Frohnmaier,markus.frohnmaier@bundestag.de
Herr Dr. Frömming,goetz.froemming@bundestag.de
Herr Funke,fabian.funke@bundestag.de
Herr Funke-Kaiser,maximilian.funke-kaiser@bundestag.de
Herr Gädechens,ingo.gaedechens@bundestag.de
Frau Gambir,schahina.gambir@bundestag.de
Frau Ganserer,tessa.ganserer@bundestag.de
Herr Gaßner-Herz,martin.gassner-herz@bundestag.de
Herr Gastel,matthias.gastel@bundestag.de
Herr Dr. Gauland,alexander.gauland@bundestag.de
Herr Gava,manuel.gava@bundestag.de
Herr Dr. Gebhart,thomas.gebhart@bundestag.de
Herr Gehring,kai.gehring@bundestag.de
Herr Dr. Geissler,jonas.geissler@bundestag.de
Herr Gelbhaar,stefan.gelbhaar@bundestag.de
Herr Gerdes,michael.gerdes@bundestag.de
Herr Gerschau,knut.gerschau@bundestag.de
Herr Gerster,martin.gerster@bundestag.de
Herr Dr. Gesenhues,jan-niclas.gesenhues@bundestag.de
Herr Glaser,albrecht.glaser@bundestag.de
Frau Glöckner,angelika.gloeckner@bundestag.de
Herr Gnauck,hannes.gnauck@bundestag.de
Frau Gohlke,nicole.gohlke@bundestag.de
Frau Göring-Eckardt,katrin.goering-eckardt@bundestag.de
Herr Görke,christian.goerke@bundestag.de
Herr Gottschalk,kay.gottschalk@bundestag.de
Herr Gramling,fabian.gramling@bundestag.de
Frau Dr. Gräßle,inge.graessle@bundestag.de
Herr Prof. Dr. Grau,armin.grau@bundestag.de
Herr Gremmels,timon.gremmels@bundestag.de
Frau Griese,kerstin.griese@bundestag.de
Herr Gröhe,hermann.groehe@bundestag.de
Herr Grosse-Brömer,michael.grosse-broemer@bundestag.de
Herr Grötsch,uli.groetsch@bundestag.de
Herr Grübel,markus.gruebel@bundestag.de
Herr Grund,manfred.grund@bundestag.de
Herr Grundl,erhard.grundl@bundestag.de
Herr Grundmann,oliver.grundmann@bundestag.de
Frau Prof. Grütters,monika.gruetters@bundestag.de
Frau Grützmacher,sabine.gruetzmacher@bundestag.de
Frau Güler,serap.gueler@bundestag.de
Herr Güntzler,fritz.guentzler@bundestag.de
Herr Gürpinar,ates.guerpinar@bundestag.de
Herr Gutting,olav.gutting@bundestag.de
Herr Dr. Gysi,gregor.gysi@bundestag.de
Herr Haase,christian.haase@bundestag.de
Herr Habeck,robert.habeck@bundestag.de
Herr Hacker,thomas.hacker@bundestag.de
Frau Hagedorn,bettina.hagedorn@bundestag.de
Frau Hagl-Kehl,rita.hagl-kehl@bundestag.de
Herr Dr. Hahn,andre.hahn@bundestag.de
Herr Hahn,florian.hahn@bundestag.de
Herr Hakverdi,metin.hakverdi@bundestag.de
Herr Hanke,reginald.hanke@bundestag.de
Frau Harder-Kühnel,mariana.harder-kuehnel@bundestag.de
Herr Hardt,juergen.hardt@bundestag.de
Herr Hartewig,philipp.hartewig@bundestag.de
Herr Hartmann,sebastian.hartmann@bundestag.de
Frau Harzer,ulrike.harzer@bundestag.de
Frau Haßelmann,britta.hasselmann@bundestag.de
Herr Hauer,matthias.hauer@bundestag.de
Herr Haug,jochen.haug@bundestag.de
Herr Dr. Heck,stefan.heck@bundestag.de
Herr Heidenblut,dirk.heidenblut@bundestag.de
Herr Heidt,peter.heidt@bundestag.de
Herr Heil,hubertus.heil@bundestag.de
Frau Heil,mechthild.heil@bundestag.de
Frau Heiligenstadt,frauke.heiligenstadt@bundestag.de
Herr Heilmann,thomas.heilmann@bundestag.de
Frau Heinrich,gabriela.heinrich@bundestag.de
Frau Heitmann,linda.heitmann@bundestag.de
Herr Helferich,matthias.helferich@bundestag.de
Herr Helfrich,mark.helfrich@bundestag.de
Frau Helling-Plahr,katrin.helling-plahr@bundestag.de
Herr Hellmich,wolfgang.hellmich@bundestag.de
Frau Henneberger,kathrin.henneberger@bundestag.de
Frau Hennig,anke.hennig@bundestag.de
Frau Hennig-Wellsow,susanne.hennig-wellsow@bundestag.de
Herr Hennrich,michael.hennrich@bundestag.de
Herr Henrichmann,marc.henrichmann@bundestag.de
Herr Herbrand,markus.herbrand@bundestag.de
Herr Herbst,torsten.herbst@bundestag.de
Herr Herrmann,bernhard.herrmann@bundestag.de
Frau Heselhaus,nadine.heselhaus@bundestag.de
Herr Hess,martin.hess@bundestag.de
Frau Hessel,katja.hessel@bundestag.de
Herr Heveling,ansgar.heveling@bundestag.de
Frau Hierl,susanne.hierl@bundestag.de
Herr Hilse,karsten.hilse@bundestag.de
Herr Hirte,christian.hirte@bundestag.de
Herr Hitschler,thomas.hitschler@bundestag.de
Frau Höchst,nicole.hoechst@bundestag.de
Herr Dr. Hocker,gero.hocker@bundestag.de
Herr Höferlin,manuel.hoeferlin@bundestag.de
Herr Hoffmann,alexander.hoffmann@bundestag.de
Frau Dr. Hoffmann,bettina.hoffmann@bundestag.de
Herr Dr. Hoffmann,christoph.hoffmann@bundestag.de
Herr Dr. Hofreiter,anton.hofreiter@bundestag.de
Herr Holm,leif-erik.holm@bundestag.de
Herr Hönel,bruno.hoenel@bundestag.de
Herr Dr. Hoppenstedt,hendrik.hoppenstedt@bundestag.de
Frau Hoppermann,franziska.hoppermann@bundestag.de
Frau Hostert,jasmina.hostert@bundestag.de
Herr Houben,reinhard.houben@bundestag.de
Herr Huber,johannes.huber@bundestag.de
Frau Hubertz,verena.hubertz@bundestag.de
Herr Hümpfer,markus.huempfer@bundestag.de
Herr Hunko,andrej.hunko@bundestag.de
Herr Hüppe,hubert.hueppe@bundestag.de
Frau Huy,gerrit.huy@bundestag.de
Herr in der Beek,olaf.inderbeek@bundestag.de
Herr Irlstorfer,erich.irlstorfer@bundestag.de
Herr Jacobi,fabian.jacobi@bundestag.de
Herr Janecek,dieter.janecek@bundestag.de
Herr Janich,steffen.janich@bundestag.de
Frau Janssen,anne.janssen@bundestag.de
Herr Jarzombek,thomas.jarzombek@bundestag.de
Frau Jensen,gyde.jensen@bundestag.de
Herr Dr. Jongen,marc.jongen@bundestag.de
Herr Jung,andreas.jung@bundestag.de
Herr Jung,ingmar.jung@bundestag.de
Herr Junge,frank.junge@bundestag.de
Herr Juratovic,josip.juratovic@bundestag.de
Frau Dr. Jurisch,ann-veruschka.jurisch@bundestag.de
Herr Kaczmarek,oliver.kaczmarek@bundestag.de
Frau Kaddor,lamya.kaddor@bundestag.de
Frau Kaiser,elisabeth.kaiser@bundestag.de
Frau Dr. Kappert-Gonther,kirsten.kappert-gonther@bundestag.de
Herr Karaahmetoǧlu,macit.karaahmetoglu@bundestag.de
Frau Karliczek,anja.karliczek@bundestag.de
Herr Kasper,carlos.kasper@bundestag.de
Frau Kassautzki,anna.kassautzki@bundestag.de
Frau Katzmarek,gabriele.katzmarek@bundestag.de
Herr Dr. Kaufmann,malte.kaufmann@bundestag.de
Herr Prof. Dr. Kaufmann,michael.kaufmann@bundestag.de
Herr Keller,rainer.keller@bundestag.de
Herr Kellner,michael.kellner@bundestag.de
Frau Kemmer,ronja.kemmer@bundestag.de
Frau Dr. Kersten,franziska.kersten@bundestag.de
Frau Keul,katja.keul@bundestag.de
Herr Keuter,stefan.keuter@bundestag.de
Frau Khan,misbah.khan@bundestag.de
Herr Kiesewetter,roderich.kiesewetter@bundestag.de
Herr Kießling,michael.kiessling@bundestag.de
Herr Kindler,sven-christian.kindler@bundestag.de
Herr Dr. Kippels,georg.kippels@bundestag.de
Frau Kipping,katja.kipping@bundestag.de
Frau Kiziltepe,cansel.kiziltepe@bundestag.de
Herr Kleebank,helmut.kleebank@bundestag.de
Herr Klein,karsten.klein@bundestag.de
Frau Dr. Klein,ottilie.klein@bundestag.de
Herr Klein,volkmar.klein@bundestag.de
Frau Klein-Schmeink,maria.klein-schmeink@bundestag.de
Herr Kleinwächter,norbert.kleinwaechter@bundestag.de
Herr Dr. Klinck,kristian.klinck@bundestag.de
Herr Klingbeil,lars.klingbeil@bundestag.de
Frau Klöckner,julia.kloeckner@bundestag.de
Frau Klose,annika.klose@bundestag.de
Frau Kluckert,daniela.kluckert@bundestag.de
Herr Klüssendorf,tim.kluessendorf@bundestag.de
Herr Knoerig,axel.knoerig@bundestag.de
Herr Kober,pascal.kober@bundestag.de
Herr Koeppen,jens.koeppen@bundestag.de
Frau Dr. Kofler,baerbel.kofler@bundestag.de
Herr Dr. Köhler,lukas.koehler@bundestag.de
Herr Komning,enrico.komning@bundestag.de
Frau König,anne.koenig@bundestag.de
Herr König,joern.koenig@bundestag.de
Frau Konrad,carina.konrad@bundestag.de
Herr Koob,markus.koob@bundestag.de
Frau Kopf,chantal.kopf@bundestag.de
Herr Körber,carsten.koerber@bundestag.de
Herr Korte,jan.korte@bundestag.de
Frau Koß,simona.koss@bundestag.de
Herr Kotré,steffen.kotre@bundestag.de
Frau Kraft,laura.kraft@bundestag.de
Herr Dr. Kraft,rainer.kraft@bundestag.de
Herr Krämer,philip.kraemer@bundestag.de
Frau Kramme,anette.kramme@bundestag.de
Frau Kramp-Karrenbauer,annegret.kramp-karrenbauer@bundestag.de
Frau Kreiser,dunja.kreiser@bundestag.de
Herr Krichbaum,gunther.krichbaum@bundestag.de
Herr Dr. Krings,guenter.krings@bundestag.de
Herr Krischer,oliver.krischer@bundestag.de
Herr Kröber,martin.kroeber@bundestag.de
Herr Kruse,michael.kruse@bundestag.de
Herr Kuban,tilman.kuban@bundestag.de
Herr Kubicki,wolfgang.kubicki@bundestag.de
Herr Kuhle,konstantin.kuhle@bundestag.de
Herr Kühn,christian.kuehn@bundestag.de
Herr Kühnert,kevin.kuehnert@bundestag.de
Frau Künast,renate.kuenast@bundestag.de
Herr Kurth,markus.kurth@bundestag.de
Frau Lahrkamp,sarah.lahrkamp@bundestag.de
Herr Lambsdorff,alexander.graflambsdorff@bundestag.de
Frau Lang,ricarda.lang@bundestag.de
Herr Lange,ulrich.lange@bundestag.de
Herr Larem,andreas.larem@bundestag.de
Herr Laschet,armin.laschet@bundestag.de
Frau Latendorf,ina.latendorf@bundestag.de
Frau Dr. Launert,silke.launert@bundestag.de
Herr Prof. Dr. Lauterbach,karl.lauterbach@bundestag.de
Frau Lay,caren.lay@bundestag.de
Herr Lechte,ulrich.lechte@bundestag.de
Herr Lehmann,jens.lehmann@bundestag.de
Herr Lehmann,sven.lehmann@bundestag.de
Frau Lehmann,sylvia.lehmann@bundestag.de
Herr Lehrieder,paul.lehrieder@bundestag.de
Frau Dr. Leikert,katja.leikert@bundestag.de
Herr Leiser,kevin.leiser@bundestag.de
Frau Lemke,steffi.lemke@bundestag.de
Herr Lenders,juergen.lenders@bundestag.de
Frau Lenk,barbara.lenk@bundestag.de
Herr Lenkert,ralph.lenkert@bundestag.de
Herr Dr. Lenz,andreas.lenz@bundestag.de
Herr Leye,christian.leye@bundestag.de
Frau Licina-Bode,luiza.licina-bode@bundestag.de
Herr Dr. Lieb,thorsten.lieb@bundestag.de
Frau Liebert,anja.liebert@bundestag.de
Herr Limbacher,esra-leon.limbacher@bundestag.de
Herr Limburg,helge.limburg@bundestag.de
Herr Lindemann,lars.lindemann@bundestag.de
Herr Lindh,helge.lindh@bundestag.de
Frau Lindholz,andrea.lindholz@bundestag.de
Herr Lindner,christian.lindner@bundestag.de
Herr Dr. Lindner,tobias.lindner@bundestag.de
Herr Link,michael.link@bundestag.de
Herr Dr. Linnemann,carsten.linnemann@bundestag.de
Frau Lips,patricia.lips@bundestag.de
Frau Loop,denise.loop@bundestag.de
Herr Loos,bernhard.loos@bundestag.de
Frau Dr. Lötzsch,gesine.loetzsch@bundestag.de
Herr Lucassen,ruediger.lucassen@bundestag.de
Herr Lucks,max.lucks@bundestag.de
Herr Dr. Luczak,jan-marco.luczak@bundestag.de
Frau Ludwig,daniela.ludwig@bundestag.de
Frau Lugk,bettina.lugk@bundestag.de
Frau Dr. Lührmann,anna.luehrmann@bundestag.de
Herr Luksic,oliver.luksic@bundestag.de
Frau Lütke,kristine.luetke@bundestag.de
Herr Lutze,thomas.lutze@bundestag.de
Herr Maas,heiko.maas@bundestag.de
Frau Dr. Machalet,tanja.machalet@bundestag.de
Herr Mack,klaus.mack@bundestag.de
Frau Mackensen-Geis,isabel.mackensen@bundestag.de
Frau Magwas,yvonne.magwas@bundestag.de
Herr von Malottki,erik.vonmalottki@bundestag.de
Herr Mann,holger.mann@bundestag.de
Herr Mansmann,till.mansmann@bundestag.de
Herr Mansoori,kaweh.mansoori@bundestag.de
Frau Martens,zanda.martens@bundestag.de
Frau Martin,dorothee.martin@bundestag.de
Herr Marvi,parsa.marvi@bundestag.de
Frau Mascheck,franziska.mascheck@bundestag.de
Frau Mast,katja.mast@bundestag.de
Herr Mattfeldt,andreas.mattfeldt@bundestag.de
Herr Mayer,stephan.mayer@bundestag.de
Frau Mayer,zoe.mayer@bundestag.de
Herr Mayer-Lay,volker.mayer-lay@bundestag.de
Herr Mehltretter,andreas.mehltretter@bundestag.de
Herr Mehmet Ali,takis.mehmetali@bundestag.de
Herr Meiser,pascal.meiser@bundestag.de
Herr Dr. Meister,michael.meister@bundestag.de
Frau Menge,susanne.menge@bundestag.de
Frau Merten,aniko.merten@bundestag.de
Herr Merz,friedrich.merz@bundestag.de
Herr Mesarosch,robin.mesarosch@bundestag.de
Herr Metzler,jan.metzler@bundestag.de
Herr Meyer,christoph.meyer@bundestag.de
Frau Miazga,corinna.miazga@bundestag.de
Frau Michaelsen,swantje.michaelsen@bundestag.de
Frau Michel,kathrin.michel@bundestag.de
Herr Dr. Middelberg,mathias.middelberg@bundestag.de
Herr Dr. Miersch,matthias.miersch@bundestag.de
Herr Mieves,matthias.mieves@bundestag.de
Frau Dr. Mihalic,irene.mihalic@bundestag.de
Herr Mijatović,boris.mijatovic@bundestag.de
Frau Mittag,susanne.mittag@bundestag.de
Frau Mohamed Ali,amira.mohamedali@bundestag.de
Frau Möhring,cornelia.moehring@bundestag.de
Herr Mohrs,falko.mohrs@bundestag.de
Frau Moll,claudia.moll@bundestag.de
Frau Möller,siemtje.moeller@bundestag.de
Herr Moncsek,mike.moncsek@bundestag.de
Herr Monstadt,dietrich.monstadt@bundestag.de
Herr Moosdorf,matthias.moosdorf@bundestag.de
Herr Mordhorst,maximilian.mordhorst@bundestag.de
Herr Mörseburg,maximilian.moerseburg@bundestag.de
Herr Müller,alexander.mueller@bundestag.de
Herr Müller,axel.mueller@bundestag.de
Frau Müller,bettina.mueller@bundestag.de
Herr Müller,carsten.mueller@bundestag.de
Frau Müller,claudia.mueller@bundestag.de
Herr Müller,detlef.mueller@bundestag.de
Herr Müller,florian.mueller@bundestag.de
Herr Müller,michael.mueller@bundestag.de
Herr Müller,sascha.mueller@bundestag.de
Herr Müller,sepp.mueller@bundestag.de
Herr Müller,stefan.mueller@bundestag.de
Frau Müller-Gemmeke,beate.mueller-gemmeke@bundestag.de
Herr Müller-Rosentritt,frank.mueller-rosentritt@bundestag.de
Frau Müntefering,michelle.muentefering@bundestag.de
Herr Münzenmaier,sebastian.muenzenmaier@bundestag.de
Herr Dr. Mützenich,rolf.muetzenich@bundestag.de
Herr Dr. Nacke,stefan.nacke@bundestag.de
Frau Nanni,sara.nanni@bundestag.de
Frau Nasr,rasha.nasr@bundestag.de
Frau Nastic,zaklin.nastic@bundestag.de
Herr Naujok,edgar.naujok@bundestag.de
Frau Dr. Nestle,ingrid.nestle@bundestag.de
Frau Dr. Nick,ophelia.nick@bundestag.de
Herr Nickholz,brian.nickholz@bundestag.de
Frau Nicolaisen,petra.nicolaisen@bundestag.de
Herr Nietan,dietmar.nietan@bundestag.de
Herr Nolte,jan.nolte@bundestag.de
Herr Dr. von Notz,konstantin.notz@bundestag.de
Herr Nouripour,omid.nouripour@bundestag.de
Herr Nürnberger,joerg.nuernberger@bundestag.de
Herr Oehl,lennard.oehl@bundestag.de
Herr Oellers,wilfried.oellers@bundestag.de
Herr Oppelt,moritz.oppelt@bundestag.de
Frau Ortleb,josephine.ortleb@bundestag.de
Herr Oßner,florian.ossner@bundestag.de
Herr Oster,josef.oster@bundestag.de
Herr Otte,henning.otte@bundestag.de
Frau Otte,karo.otte@bundestag.de
Herr Otten,gerold.otten@bundestag.de
Herr Özdemir,cem.oezdemir@bundestag.de
Herr Özdemir,mahmut.oezdemir@bundestag.de
Frau Özoğuz,aydan.oezoguz@bundestag.de
Herr Pahlke,julian.pahlke@bundestag.de
Herr Dr. Pantazis,christos.pantazis@bundestag.de
Frau Papenbrock,wiebke.papenbrock@bundestag.de
Herr Papendieck,mathias.papendieck@bundestag.de
Frau Pau,petra.pau@bundestag.de
Frau Paus,lisa.paus@bundestag.de
Frau Pawlik,natalie.pawlik@bundestag.de
Herr Peick,jens.peick@bundestag.de
Herr Pellmann,soeren.pellmann@bundestag.de
Herr Perli,victor.perli@bundestag.de
Herr Peterka,tobias.peterka@bundestag.de
Herr Petry,christian.petry@bundestag.de
Herr Dr. Philippi,andreas.philippi@bundestag.de
Frau Dr. Piechotta,paula.piechotta@bundestag.de
Herr Pilsinger,stephan.pilsinger@bundestag.de
Herr Plobner,jan.plobner@bundestag.de
Herr Dr. Ploß,christoph.ploss@bundestag.de
Herr Dr. Plum,martin.plum@bundestag.de
Herr Pohl,juergen.pohl@bundestag.de
Frau Polat,filiz.polat@bundestag.de
Frau Poschmann,sabine.poschmann@bundestag.de
Herr Post,achim.post@bundestag.de
Herr Protschka,stephan.protschka@bundestag.de
Herr Rachel,thomas.rachel@bundestag.de
Frau Radomski,kerstin.radomski@bundestag.de
Herr Radwan,alexander.radwan@bundestag.de
Herr Rainer,alois.rainer@bundestag.de
Herr Dr. Ramsauer,peter.ramsauer@bundestag.de
Herr Dr. Redder,volker.redder@bundestag.de
Herr Rehbaum,henning.rehbaum@bundestag.de
Herr Reichardt,martin.reichardt@bundestag.de
Herr Dr. Reichel,markus.reichel@bundestag.de
Frau Reichinnek,heidi.reichinnek@bundestag.de
Frau Prof. Dr. Reinalter,anja.reinalter@bundestag.de
Herr Reinhold,hagen.reinhold@bundestag.de
Herr Renner,martin.renner@bundestag.de
Frau Renner,martina.renner@bundestag.de
Herr Reuther,bernd.reuther@bundestag.de
Frau Rhie,ye-one.rhie@bundestag.de
Herr Rief,josef.rief@bundestag.de
Herr Riexinger,bernd.riexinger@bundestag.de
Herr Rimkus,andreas.rimkus@bundestag.de
Herr Rinck,frank.rinck@bundestag.de
Herr Rix,soenke.rix@bundestag.de
Herr Rohde,dennis.rohde@bundestag.de
Herr Rohwer,lars.rohwer@bundestag.de
Herr Roloff,sebastian.roloff@bundestag.de
Herr Dr. Rosemann,martin.rosemann@bundestag.de
Frau Rosenthal,jessica.rosenthal@bundestag.de
Frau Rößner,tabea.roessner@bundestag.de
Frau Roth,claudia.roth@bundestag.de
Herr Roth,michael.roth@bundestag.de
Herr Dr. Röttgen,norbert.roettgen@bundestag.de
Frau Dr. Rottmann,manuela.rottmann@bundestag.de
Herr Rouenhoff,stefan.rouenhoff@bundestag.de
Herr Röwekamp,thomas.roewekamp@bundestag.de
Herr Rüddel,erwin.rueddel@bundestag.de
Herr Dr. Rudolph,thorsten.rudolph@bundestag.de
Frau Rudolph,tina.rudolph@bundestag.de
Frau Rüffer,corinna.rueffer@bundestag.de
Herr Rupprecht,albert.rupprecht@bundestag.de
Herr Rützel,bernd.ruetzel@bundestag.de
Frau Ryglewski,sarah.ryglewski@bundestag.de
Herr Saathoff,johann.saathoff@bundestag.de
Herr Saleh,kassem.tahersaleh@bundestag.de
Frau dos Santos Firnhaber,catarina.dossantos@bundestag.de
Herr Dr. h. c. Sattelberger,thomas.sattelberger@bundestag.de
Herr Sauter,christian.sauter@bundestag.de
Herr Schäfer,axel.schaefer@bundestag.de
Herr Schäfer,ingo.schaefer@bundestag.de
Frau Schäfer,jamila.schaefer@bundestag.de
Herr Dr. Schäfer,sebastian.schaefer@bundestag.de
Herr Schäffler,frank.schaeffler@bundestag.de
Frau Schamber,rebecca.schamber@bundestag.de
Herr Schattner,bernd.schattner@bundestag.de
Herr Schätzl,johannes.schaetzl@bundestag.de
Herr Dr. Schäuble,wolfgang.schaeuble@bundestag.de
Frau Schauws,ulle.schauws@bundestag.de
Frau Dr. Scheer,nina.scheer@bundestag.de
Frau Dr. Schenderlein,christiane.schenderlein@bundestag.de
Herr Scheuer,andreas.scheuer@bundestag.de
Frau Schieder,marianne.schieder@bundestag.de
Herr Schiefner,udo.schiefner@bundestag.de
Frau Schielke-Ziesing,ulrike.schielke-ziesing@bundestag.de
Frau Schierenbeck,peggy.schierenbeck@bundestag.de
Frau Schimke,jana.schimke@bundestag.de
Herr Schisanowski,timo.schisanowski@bundestag.de
Herr Schmid,christoph.schmid@bundestag.de
Herr Dr. Schmid,nils.schmid@bundestag.de
Frau Schmidt,dagmar.schmidt@bundestag.de
Herr Schmidt,eugen.schmidt@bundestag.de
Herr Schmidt,jan-wenzel.schmidt@bundestag.de
Herr Schmidt,stefan.schmidt@bundestag.de
Herr Schmidt,uwe.schmidt@bundestag.de
Herr Schneider,carsten.schneider@bundestag.de
Herr Schneider,daniel.schneider@bundestag.de
Herr Schneider,joerg.schneider@bundestag.de
Herr Schnieder,patrick.schnieder@bundestag.de
Herr Scholz,olaf.scholz@bundestag.de
Frau Schönberger,marlene.schoenberger@bundestag.de
Herr Schraps,johannes.schraps@bundestag.de
Herr Schreider,christian.schreider@bundestag.de
Herr Schreiner,felix.schreiner@bundestag.de
Frau Schröder,christina-johanne.schroeder@bundestag.de
Frau Schröder,ria.schroeder@bundestag.de
Herr Schrodi,michael.schrodi@bundestag.de
Frau Schulz,anja.schulz@bundestag.de
Herr Schulz,uwe.schulz@bundestag.de
Frau Schulz-Asche,kordula.schulz-asche@bundestag.de
Frau Schulze,svenja.schulze@bundestag.de
Herr Schwabe,frank.schwabe@bundestag.de
Herr Schwartze,stefan.schwartze@bundestag.de
Herr Schwarz,andreas.schwarz@bundestag.de
Herr Schwarz,armin.schwarz@bundestag.de
Frau Schwarzelühr-Sutter,rita.schwarzeluehr-sutter@bundestag.de
Herr Seestern-Pauly,matthias.seestern-pauly@bundestag.de
Herr Seidler,stefan.seidler@bundestag.de
Herr Seif,detlef.seif@bundestag.de
Herr Prof. Dr. Seiter,stephan.seiter@bundestag.de
Herr Seitz,thomas.seitz@bundestag.de
Frau Dr. Seitzl,lina.seitzl@bundestag.de
Frau Sekmen,melis.sekmen@bundestag.de
Herr Semet,rainer.semet@bundestag.de
Herr Sichert,martin.sichert@bundestag.de
Herr Silberhorn,thomas.silberhorn@bundestag.de
Herr Simon,bjoern.simon@bundestag.de
Frau Dr. Sitte,petra.sitte@bundestag.de
Frau Skudelny,judith.skudelny@bundestag.de
Frau Slawik,nyke.slawik@bundestag.de
Herr Sorge,tino.sorge@bundestag.de
Herr Spahn,jens.spahn@bundestag.de
Frau Dr. Spallek,anne-monika.spallek@bundestag.de
Herr Dr. Spaniel,dirk.spaniel@bundestag.de
Frau Spellerberg,merle.spellerberg@bundestag.de
Herr Springer,rene.springer@bundestag.de
Frau Stadler,svenja.stadler@bundestag.de
Frau Staffler,katrin.staffler@bundestag.de
Frau Stahr,nina.stahr@bundestag.de
Frau Stamm-Fibich,martina.stamm-fibich@bundestag.de
Frau Stark-Watzinger,bettina.stark-watzinger@bundestag.de
Herr Dr. Steffen,till.steffen@bundestag.de
Herr Dr. Stefinger,wolfgang.stefinger@bundestag.de
Herr Stegemann,albert.stegemann@bundestag.de
Herr Dr. Stegner,ralf.stegner@bundestag.de
Herr Stein,mathias.stein@bundestag.de
Herr Steiniger,johannes.steiniger@bundestag.de
Frau Steinmüller,hanna.steinmueller@bundestag.de
Herr von Stetten,Christian.stetten@bundestag.de
Frau Sthamer,nadja.sthamer@bundestag.de
Herr Stier,dieter.stier@bundestag.de
Herr Stöber,klaus.stoeber@bundestag.de
Frau Stöcker,diana.stoecker@bundestag.de
Herr Stockmeier,konrad.stockmeier@bundestag.de
Frau von Storch,beatrix.vonstorch@bundestag.de
Herr Storjohann,gero.storjohann@bundestag.de
Herr Stracke,stephan.stracke@bundestag.de
Frau Dr. Strack-Zimmermann,marie-agnes.strack-zimmermann@bundestag.de
Herr Strasser,benjamin.strasser@bundestag.de
Herr Straubinger,max.straubinger@bundestag.de
Herr Dr. Strengmann-Kuhn,wolfgang.strengmann-kuhn@bundestag.de
Frau Stumpp,christina.stumpp@bundestag.de
Herr Stüwe,ruppert.stuewe@bundestag.de
Frau Tatti,jessica.tatti@bundestag.de
Frau Tausend,claudia.tausend@bundestag.de
Herr Dr. Tebroke,hermann-josef.tebroke@bundestag.de
Frau Tesfaiesus,awet.tesfaiesus@bundestag.de
Frau Teuteberg,linda.teuteberg@bundestag.de
Herr Teutrine,jens.teutrine@bundestag.de
Herr Theurer,michael.theurer@bundestag.de
Herr Thews,michael.thews@bundestag.de
Herr Thies,hans-juergen.thies@bundestag.de
Herr Thomae,stephan.thomae@bundestag.de
Herr Throm,alexander.throm@bundestag.de
Frau Tillmann,antje.tillmann@bundestag.de
Frau Timmermann-Fechter,astrid.timmermann-fechter@bundestag.de
Herr Tippelt,nico.tippelt@bundestag.de
Herr Todtenhausen,manfred.todtenhausen@bundestag.de
Herr Dr. Toncar,florian.toncar@bundestag.de
Herr Töns,markus.toens@bundestag.de
Herr Träger,carsten.traeger@bundestag.de
Herr Trittin,juergen.trittin@bundestag.de
Frau Troff-Schaffarzyk,anja.troff-schaffarzyk@bundestag.de
Frau Türk-Nachbaur,derya.tuerk-nachbaur@bundestag.de
Frau Uhlig,katrin.uhlig@bundestag.de
Herr Prof. Dr. Ullmann,andrew.ullmann@bundestag.de
Herr Ullrich,frank.ullrich@bundestag.de
Herr Ullrich,gerald.ullrich@bundestag.de
Herr Dr. Ullrich,volker.ullrich@bundestag.de
Herr Ulrich,alexander.ulrich@bundestag.de
Frau Dr. Verlinden,julia.verlinden@bundestag.de
Frau Vieregge,kerstin.vieregge@bundestag.de
Herr Vogel,johannes.vogel@bundestag.de
Frau Vogler,kathrin.vogler@bundestag.de
Herr Dr. Vogt,oliver.vogt@bundestag.de
Frau Völlers,marja.voellers@bundestag.de
Herr Vöpel,dirk.voepel@bundestag.de
Herr de Vries,christoph.devries@bundestag.de
Herr Dr. Wadephul,johann.wadephul@bundestag.de
Herr Wagener,niklas.wagener@bundestag.de
Herr Wagener,robin.wagener@bundestag.de
Frau Dr. Wagenknecht,sahra.wagenknecht@bundestag.de
Frau Dr. Wagner,carolin.wagner@bundestag.de
Herr Wagner,johannes.wagner@bundestag.de
Frau Wallstein,maja.wallstein@bundestag.de
Herr Walter,hannes.walter@bundestag.de
Frau Walter-Rosenheimer,beate.walter-rosenheimer@bundestag.de
Herr Wanderwitz,marco.wanderwitz@bundestag.de
Frau Warken,nina.warken@bundestag.de
Frau Weeser,sandra.weeser@bundestag.de
Frau Wegge,carmen.wegge@bundestag.de
Frau Wegling,melanie.wegling@bundestag.de
Frau Dr. Weidel,alice.weidel@bundestag.de
Herr Dr. Weingarten,joe.weingarten@bundestag.de
Frau Dr. Weisgerber,anja.weisgerber@bundestag.de
Frau Weishaupt,saskia.weishaupt@bundestag.de
Frau Weiss,maria-lena.weiss@bundestag.de
Frau Weiss,sabine.weiss@bundestag.de
Herr Wenzel,stefan.wenzel@bundestag.de
Frau Werner,lena.werner@bundestag.de
Frau Westig,nicole.westig@bundestag.de
Herr Westphal,bernd.westphal@bundestag.de
Herr Prof. Dr. Weyel,harald.weyel@bundestag.de
Herr Whittaker,kai.whittaker@bundestag.de
Frau Widmann-Mauz,annette.widmann-mauz@bundestag.de
Herr Wiehle,wolfgang.wiehle@bundestag.de
Herr Dr. Wiener,klaus.wiener@bundestag.de
Herr Wiese,dirk.wiese@bundestag.de
Herr Willsch,klaus-peter.willsch@bundestag.de
Frau Winkelmeier-Becker,elisabeth.winkelmeier-becker@bundestag.de
Herr Winkler,tobias.winkler@bundestag.de
Frau Winklmann,tina.winklmann@bundestag.de
Herr Dr. Wirth,christian.wirth@bundestag.de
Herr Dr. Wissing,volker.wissing@bundestag.de
Frau Wissler,janine.wissler@bundestag.de
Herr Witt,uwe.witt@bundestag.de
Frau Wittmann,mechthilde.wittmann@bundestag.de
Herr Dr. Wollmann,herbert.wollmann@bundestag.de
Frau Wulf,mareike.wulf@bundestag.de
Herr Wundrak,klaus.stoeber@bundestag.de
Frau Yüksel,guelistan.yueksel@bundestag.de
Frau Zeulner,emmi.zeulner@bundestag.de
Herr Ziegler,kay-uwe.ziegler@bundestag.de
Herr Ziemiak,paul.ziemiak@bundestag.de
Herr Zierke,stefan.zierke@bundestag.de
Herr Dr. Zimmermann,jens.zimmermann@bundestag.de
Herr Zippelius,nicolas.zippelius@bundestag.de
Herr Zorn,armand.zorn@bundestag.de
Frau Zschau,katrin.zschau@bundestag.de
